{
	"class_name" : "PinholeCameraTrajectory",
    "parameters" :
    [
        {
			"class_name" : "PinholeCameraParameters",
            "extrinsic" :
            [
                9.9999985711509631e-01,
                -2.8943907382496757e-04,
                4.4943832678630502e-04,
                0,
                2.9326494915507594e-04,
                9.9996352496628982e-01,
                -8.5359670021515500e-03,
                0,
                -4.4695129112488230e-04,
                8.5360975869987806e-03,
                9.9996346696893312e-01,
                0,
                -3.5677428730839563e+02,
                -1.4614674781639758e+00,
                -1.7567682620667620e+00,
                1
            ],
            "intrinsic" :
            {
                "height" : 958,
                "intrinsic_matrix" :
                [
                    9.7210644631744879e+02,
                    0,
                    0,
                    0,
                    9.7186405286151546e+02,
                    0,
                    6.5758225407595921e+02,
                    5.4085966180830940e+02,
                    1
                ],
                "width" : 1278
            },
			"version_major" : 1,
			"version_minor" : 0
        }
    ],
	"version_major" : 1,
	"version_minor" : 0
}
